계정코드,계정명,대차구분,계정속성,계정종류,수입지출구분,재무제표상위계정,수입지출상위계정,잔액집계구분,재무제표하이퍼링크대상,관련업무,수표,재무제표표시명,재무제표인쇄위치,재무제표금액굵기,재무재표금액괄호,사용여부
1010,자산,차변,집계계정(재무제표),자산,없음,0,,1,계정명세서,없음,N,1. 자                 산,2,Y,N,USE
1011,유동자산,차변,집계계정(재무제표),자산,없음,1010,,1,계정명세서,없음,N,1)  유   동     자   산,2,Y,N,USE
1012,당좌자산,차변,집계계정(재무제표),자산,없음,1011,,1,계정명세서,없음,N,(1) 당   좌    자   산,2,Y,N,USE
1018,현금및현금성자산,차변,집계계정(재무제표),자산,없음,1012,,1,계정명세서,없음,N,현금 및 현금성자산,1,N,N,USE
1019,현금,차변,전표입력계정,자산,없음,1018,XXXX,1,계정별원장,없음,N,현              금,1,N,N,USE
1029,당좌예금,차변,전표입력계정,자산,예금,1018,YYYY,2,계정명세서,예금,N,당   좌    예   금,1,N,N,USE
1039,보통예금,차변,전표입력계정,자산,예금,1018,YYYY,2,계정명세서,예금,Y,보   통    예   금,1,N,N,USE
1049,단기투자자산,차변,집계계정(재무제표),자산,없음,1012,,1,계정명세서,없음,N,단 기 투 자  자 산,1,N,N,USE
1059,정기예.적금,차변,전표입력계정,자산,예금,1049,YYYY,2,계정명세서,예금,N,정  기  예  적  금,1,N,N,USE
1063,기타단기금융상품,차변,전표입력계정,자산,예금,1049,YYYY,2,계정명세서,예금,N,기타 단기금융 상품,1,N,N,USE
1066,단기예금,차변,전표입력계정,자산,예금,1049,YYYY,2,계정명세서,예금,N,단   기    예   금,1,N,N,USE
1069,단기매매증권,차변,전표입력계정,자산,예금,1049,YYYY,2,계정명세서,예금,N,단 기 매 매  증 권,1,N,N,USE
1072,매도가능증권,차변,전표입력계정,자산,없음,1049,XXXX,2,계정명세서,없음,N,매 도 가 능  증 권,1,N,N,USE
1075,만기보유증권,차변,전표입력계정,자산,없음,1049,XXXX,2,계정명세서,없음,N,만 기 보 유  증 권,1,N,N,USE
1087,매출채권,차변,집계계정(재무제표),자산,없음,1012,,1,계정명세서,없음,N,매   출    채   권,1,N,N,USE
1088,대손충당금,대변,집계계정(재무제표),자산,없음,1012,,1,계정명세서,없음,N,대  손  충  당  금,1,N,Y,USE
1089,외상매출금,차변,전표입력계정,자산,없음,1087,XXXX,2,계정명세서,채권/채무,N,외  상  매  출  금,1,N,N,USE
1099,외상매출금대손충당금,대변,전표입력계정,자산,없음,1088,XXXX,2,계정명세서,없음,N,대  손  충  당  금,1,N,Y,USE
1109,받을어음,차변,전표입력계정,자산,없음,1087,XXXX,2,계정명세서,어음,N,받   을    어   음,1,N,N,USE
1119,받을어음대손충당금,대변,전표입력계정,자산,없음,1088,XXXX,2,계정명세서,없음,N,대  손  충  당  금,1,N,Y,USE
1139,선급비용,차변,전표입력계정,자산,없음,1012,XXXX,2,계정명세서,없음,N,선   급    비   용,1,N,N,USE
1149,이연법인세자산,차변,전표입력계정,자산,없음,1012,XXXX,2,계정명세서,없음,N,이연  법인세  자산,1,N,N,USE
1168,기타,차변,집계계정(재무제표),자산,없음,1012,,1,계정명세서,없음,N,기              타,1,Y,N,USE
1169,미수수익,차변,전표입력계정,자산,없음,1168,XXXX,2,계정명세서,없음,N,미   수    수   익,1,N,N,USE
1182,단기대여금,차변,전표입력계정,자산,없음,1049,XXXX,2,계정명세서,없음,N,단  기  대  여  금,1,N,N,USE
1209,미수금,차변,전표입력계정,자산,없음,1168,XXXX,2,계정명세서,없음,N,미      수      금,1,N,N,USE
1319,선급금,차변,전표입력계정,자산,없음,1168,XXXX,2,계정명세서,없음,N,선      급      금,1,N,N,USE
1349,가지급금,차변,전표입력계정,자산,없음,1168,XXXX,2,계정명세서,없음,N,가   지   급    금,1,N,N,USE
1359,부가세대급금,차변,전표입력계정,자산,없음,1168,XXXX,2,계정명세서,없음,N,부 가 세  대 급 금,1,N,N,USE
1369,선납세금,차변,전표입력계정,자산,없음,1168,XXXX,2,계정명세서,없음,N,선   납    세   금,1,N,N,USE
1379,주임종단기채권,차변,전표입력계정,자산,없음,1168,XXXX,2,계정명세서,없음,N,주임종  단기  채권,1,N,N,USE
1389,전도금,차변,전표입력계정,자산,없음,1168,XXXX,2,계정명세서,없음,N,전      도      금,1,N,N,USE
1462,재고자산,차변,집계계정(재무제표),자산,없음,1011,,1,계정명세서,없음,N,(2) 재   고    자   산,2,Y,N,USE
1469,상품,차변,전표입력계정,자산,없음,1462,XXXX,1,계정별원장,없음,N,상              품,1,N,N,USE
1499,상품관세환급금,대변,전표입력계정,자산,없음,1462,XXXX,2,계정명세서,없음,N,관  세  환  급  금,1,N,Y,USE
1509,제품,차변,전표입력계정,자산,없음,1462,XXXX,1,계정별원장,없음,N,제              품,1,N,N,USE
1519,제품관세환급금,대변,전표입력계정,자산,없음,1462,XXXX,2,계정명세서,없음,N,관  세  환  급  금,1,N,Y,USE
1539,원재료,차변,전표입력계정,자산,없음,1462,XXXX,1,계정별원장,없음,N,원      재      료,1,N,N,USE
1629,부재료,차변,전표입력계정,자산,없음,1462,XXXX,1,계정별원장,없음,N,부      재      료,1,N,N,USE
1679,저장품,차변,전표입력계정,자산,없음,1462,XXXX,2,계정명세서,없음,N,저      장      품,1,N,N,USE
1689,미착품,차변,전표입력계정,자산,없음,1462,XXXX,2,계정명세서,없음,N,미      착      품,1,N,N,USE
1699,재공품,차변,전표입력계정,자산,없음,1462,XXXX,1,계정별원장,없음,N,재      공      품,1,N,N,USE
1761,비유동자산,차변,집계계정(재무제표),자산,없음,1010,,1,계정명세서,없음,N,2) 비  유  동  자  산,2,Y,N,USE
1762,투자자산,차변,집계계정(재무제표),자산,없음,1761,,1,계정명세서,없음,N,(1) 투   자    자   산,2,Y,N,USE
1769,투자부동산,차변,전표입력계정,자산,예금,1762,YYYY,2,계정명세서,예금,N,투  자  부  동  산,1,N,N,USE
1774,장기금융상품,차변,전표입력계정,자산,예금,1762,YYYY,2,계정명세서,예금,N,장  기 금 융 상 품,1,N,N,USE
1779,특정현금과예금,차변,전표입력계정,자산,예금,1762,YYYY,2,계정명세서,예금,N,특정 현금 과 예 금,1,N,N,USE
1784,장기투자증권,차변,전표입력계정,자산,없음,1762,XXXX,2,계정명세서,없음,N,장 기 투 자  증 권,1,N,N,USE
1799,지분법적용투자주식,차변,전표입력계정,자산,없음,1762,XXXX,2,계정명세서,없음,N,지분법적용투자주식,1,N,N,USE
1814,장기대여금,차변,전표입력계정,자산,없음,1762,XXXX,2,계정명세서,없음,N,장  기  대  여  금,1,N,N,USE
1819,장기대여금대손충당금,대변,전표입력계정,자산,없음,1762,XXXX,2,계정명세서,없음,N,대  손  충  당  금,1,N,Y,USE
1824,장기성매출채권,차변,전표입력계정,자산,없음,1762,XXXX,2,계정명세서,없음,N,장 기 성 매출 채권,1,N,N,USE
1827,현재가치할인차금,대변,전표입력계정,자산,없음,1762,XXXX,2,계정명세서,없음,N,현재가치 할인 차금,1,N,Y,USE
1829,장기성매출채권대손충당금,대변,전표입력계정,자산,없음,1762,XXXX,2,계정명세서,없음,N,대  손  충  당  금,1,N,Y,USE
1934,부도어음과수표,차변,전표입력계정,자산,없음,1762,XXXX,2,계정명세서,없음,N,부도 어음 과 수 표,1,N,N,USE
1939,부도어음과수표대손충당금,대변,전표입력계정,자산,없음,1762,XXXX,2,계정명세서,없음,N,대  손  충  당  금,1,N,Y,USE
2012,유형자산,차변,집계계정(재무제표),자산,없음,1761,,1,계정명세서,없음,N,(2) 유 형    자   산,2,Y,N,USE
2019,토지,차변,전표입력계정,자산,없음,2012,XXXX,2,계정명세서,없음,N,토              지,2,N,N,USE
2024,건물,차변,전표입력계정,자산,없음,2012,XXXX,1,계정별원장,유형고정자산,N,건              물,1,N,N,USE
2029,건물감가상각누계액,대변,전표입력계정,자산,없음,2012,XXXX,2,계정명세서,없음,N,감 가 상 각 누계액,1,N,Y,USE
2034,구축물,차변,전표입력계정,자산,없음,2012,XXXX,1,계정별원장,유형고정자산,N,구      축      물,1,N,N,USE
2039,구축물감가상각누계액,대변,전표입력계정,자산,없음,2012,XXXX,2,계정명세서,없음,N,감 가 상 각 누계액,1,N,Y,USE
2044,기계장치,차변,전표입력계정,자산,없음,2012,XXXX,1,계정별원장,유형고정자산,N,기   계    장   치,1,N,N,USE
2049,기계장치감가상각누계액,대변,전표입력계정,자산,없음,2012,XXXX,2,계정명세서,없음,N,감 가 상 각 누계액,1,N,Y,USE
2054,차량운반구,차변,전표입력계정,자산,없음,2012,XXXX,1,계정별원장,유형고정자산,N,차  량  운  반  구,1,N,N,USE
2059,차량운반구감가상각누계액,대변,전표입력계정,자산,없음,2012,XXXX,2,계정명세서,없음,N,감 가 상 각 누계액,1,N,Y,USE
2064,공구와기구,차변,전표입력계정,자산,없음,2012,XXXX,1,계정별원장,유형고정자산,N,공  구  와  기  구,1,N,N,USE
2069,공구와기구감가상각누계액,대변,전표입력계정,자산,없음,2012,XXXX,2,계정명세서,없음,N,감 가 상 각 누계액,1,N,Y,USE
2074,비품,차변,전표입력계정,자산,없음,2012,XXXX,1,계정별원장,유형고정자산,N,비              품,1,N,N,USE
2079,비품감가상각누계액,대변,전표입력계정,자산,없음,2012,XXXX,2,계정명세서,없음,N,감 가 상 각 누계액,1,N,Y,USE
2084,시설장치,차변,전표입력계정,자산,없음,2012,XXXX,1,계정별원장,유형고정자산,N,시   설    장   치,1,N,N,USE
2089,시설장치감가상각누계액,대변,전표입력계정,자산,없음,2012,XXXX,2,계정명세서,없음,N,감 가 상 각 누계액,1,N,Y,USE
2124,설비자산,차변,전표입력계정,자산,없음,2012,XXXX,1,계정별원장,유형고정자산,N,설   비    자   산,1,N,N,USE
2129,설비자산감가상각누계액,대변,전표입력계정,자산,없음,2012,XXXX,2,계정명세서,없음,N,감 가 상 각 누계액,1,N,Y,USE
2224,건설중인자산,차변,전표입력계정,자산,없음,2012,XXXX,2,계정명세서,없음,N,건 설 중 인  자 산,1,N,N,USE
2234,기타자산,차변,전표입력계정,자산,없음,2012,XXXX,1,계정별원장,유형고정자산,N,기   타    자   산,1,N,N,USE
2239,기타자산감가상각누계액,대변,전표입력계정,자산,없음,2012,XXXX,2,계정명세서,없음,N,감 가 상 각 누계액,1,N,Y,USE
2312,무형자산,차변,집계계정(재무제표),자산,없음,1761,,1,계정명세서,없음,N,(3) 무   형   자    산,2,Y,N,USE
2319,영업권,차변,전표입력계정,자산,없음,2312,XXXX,1,계정별원장,없음,N,영      업      권,1,N,N,USE
2325,산업재산권,차변,집계계정(재무제표),자산,없음,2312,,1,계정명세서,없음,N,산  업  재  산  권,1,N,N,USE
2329,특허권,차변,전표입력계정,자산,없음,2325,XXXX,1,계정별원장,없음,N,특      허      권,1,N,N,USE
2355,개발비,차변,전표입력계정,자산,없음,2312,XXXX,1,계정별원장,없음,N,개      발      비,1,N,N,USE
2365,기타,차변,집계계정(재무제표),자산,없음,2312,,1,계정명세서,없음,N,기              타,1,N,N,USE
2368,라이선스,차변,전표입력계정,자산,없음,2365,XXXX,1,계정별원장,없음,N,라   이    선   스,1,N,N,USE
2371,저작권,차변,전표입력계정,자산,없음,2365,XXXX,1,계정별원장,없음,N,저      작      권,1,N,N,USE
2374,컴퓨터소프트웨어,차변,전표입력계정,자산,없음,2365,XXXX,1,계정별원장,없음,N,컴퓨터  소프트웨어,1,N,N,USE
2377,임차권리금,차변,전표입력계정,자산,없음,2365,XXXX,1,계정별원장,없음,N,임  차  권  리  금,1,N,N,USE
2380,광업권,차변,전표입력계정,자산,없음,2365,XXXX,1,계정별원장,없음,N,광      업      권,1,N,N,USE
2383,어업권,차변,전표입력계정,자산,없음,2365,XXXX,1,계정별원장,없음,N,어      업      권,1,N,N,USE
2450,기타비유동자산,차변,집계계정(재무제표),자산,없음,1761,,1,계정명세서,없음,N,(4) 기타  비유동  자산,2,Y,N,USE
2460,이연법인세자산,차변,전표입력계정,자산,없음,2450,XXXX,1,계정별원장,없음,N,이연  법인세  자산,1,N,N,USE
2470,기타,차변,집계계정(재무제표),자산,없음,2450,,1,계정명세서,없음,N,기              타,1,N,N,USE
2473,장기매출채권,차변,전표입력계정,자산,없음,2470,XXXX,2,계정명세서,없음,N,장 기 매 출  채 권,1,N,N,USE
2476,장기선급비용,차변,전표입력계정,자산,없음,2470,XXXX,2,계정명세서,없음,N,장 기 선 급  비 용,1,N,N,USE
2479,장기선급금,차변,전표입력계정,자산,없음,2470,XXXX,2,계정명세서,없음,N,장  기  선  급  금,1,N,N,USE
2482,장기미수금,차변,전표입력계정,자산,없음,2470,XXXX,2,계정명세서,없음,N,장  기  미  수  금,1,N,N,USE
2485,임차보증금,차변,전표입력계정,자산,없음,2470,XXXX,2,계정명세서,없음,N,임  차  보  증  금,1,N,N,USE
2487,전신전화가입권,차변,전표입력계정,자산,없음,2470,XXXX,2,계정명세서,없음,N,전신 전화 가 입 권,1,N,N,USE
2488,기타보증금,차변,전표입력계정,자산,없음,2470,XXXX,2,계정명세서,없음,N,기  타  보  증  금,1,N,N,USE
2510,부채,대변,집계계정(재무제표),부채,없음,0,,1,계정명세서,없음,N,2. 부                 채,2,Y,N,USE
2511,유동부채,대변,집계계정(재무제표),부채,없음,2510,,1,계정명세서,없음,N,1) 유    동    부    채,2,Y,N,USE
2515,단기차입금,대변,전표입력계정,부채,없음,2511,XXXX,2,계정명세서,차입금,N,단   기   차  입  금,1,N,N,USE
2518,매입채무,대변,집계계정(재무제표),부채,없음,2511,,1,계정명세서,없음,N,매    입    채    무,1,N,N,USE
2519,외상매입금,대변,전표입력계정,부채,없음,2518,XXXX,2,계정명세서,채권/채무,N,외  상    매  입  금,1,N,N,USE
2529,지급어음,대변,전표입력계정,부채,없음,2518,XXXX,2,계정명세서,어음,N,지    급    어    음,1,N,N,USE
2539,미지급금,대변,전표입력계정,부채,없음,2511,XXXX,2,계정명세서,없음,N,미    지    급    금,1,N,N,USE
2549,예수금,대변,전표입력계정,부채,없음,2511,XXXX,2,계정명세서,없음,N,예       수       금,1,N,N,USE
2559,부가세예수금,대변,전표입력계정,부채,없음,2511,XXXX,2,계정명세서,없음,N,부  가  세  예 수 금,1,N,N,USE
2569,당좌차월,대변,전표입력계정,부채,없음,2511,XXXX,2,계정명세서,없음,N,당    좌    차    월,1,N,N,USE
2579,가수금,대변,전표입력계정,부채,없음,2511,XXXX,2,계정명세서,없음,N,가       수       금,1,N,N,USE
2589,예수보증금,대변,전표입력계정,부채,없음,2511,XXXX,2,계정명세서,없음,N,예   수   보  증  금,1,N,N,USE
2599,선수금,대변,전표입력계정,부채,없음,2511,XXXX,2,계정명세서,없음,N,선       수       금,1,N,N,USE
2619,당기법인세부채,대변,전표입력계정,부채,없음,2511,XXXX,2,계정명세서,없음,N,당 기 법 인 세 부 채,1,N,N,USE
2629,미지급비용,대변,전표입력계정,부채,없음,2511,XXXX,2,계정명세서,없음,N,미  지  급    비  용,1,N,N,USE
2639,선수수익,대변,전표입력계정,부채,없음,2511,XXXX,2,계정명세서,없음,N,선    수    수    익,1,N,N,USE
2911,비유동부채,대변,집계계정(재무제표),부채,없음,2510,,1,계정명세서,없음,N,2)  비  유  동  부  채,2,Y,N,USE
2929,사채,대변,전표입력계정,부채,없음,2911,XXXX,2,계정명세서,없음,N,사                채,1,N,N,USE
2939,신주인수권부사채,대변,전표입력계정,부채,없음,2911,XXXX,2,계정명세서,없음,N,신주인수권부사채,1,N,N,USE
2949,전환사채,대변,전표입력계정,부채,없음,2911,XXXX,2,계정명세서,없음,N,전    환    사    채,1,N,N,USE
2954,장기차입금,대변,전표입력계정,부채,없음,2911,XXXX,2,계정명세서,차입금,N,장   기   차  입  금,1,N,N,USE
2959,임대보증금,대변,전표입력계정,부채,없음,2911,XXXX,2,계정명세서,없음,N,임   대   보  증  금,1,N,N,USE
2964,퇴직급여충당부채,대변,전표입력계정,부채,없음,2911,XXXX,2,계정명세서,없음,N,퇴직 급여 충당 부 채,1,N,N,USE
2969,단체퇴직보험예치금,차변,전표입력계정,부채,없음,2911,XXXX,2,계정명세서,없음,N,단체 퇴직 보험예치금,1,N,Y,USE
2974,단체퇴직급여충당금,대변,전표입력계정,부채,없음,2911,XXXX,2,계정명세서,없음,N,단체퇴직 급여 충당금,1,N,N,USE
3310,자본금,대변,집계계정(재무제표),자본,없음,0,,1,계정명세서,없음,N,3. 자                   본,2,Y,N,USE
3319,자본금,대변,집계계정(재무제표),자본,없음,3310,,1,계정명세서,없음,N,1) 자       본       금,2,Y,N,USE
3329,보통주자본금,대변,전표입력계정,자본,없음,3319,XXXX,1,계정별원장,없음,N,보 통 주  자  본  금,1,N,N,USE
3333,우선주자본금,대변,전표입력계정,자본,없음,3319,XXXX,1,계정별원장,없음,N,우 선 주  자  본  금,1,N,N,USE
3349,자본잉여금,대변,집계계정(재무제표),자본,없음,3310,,1,계정명세서,없음,N,2) 자  본    잉  여  금,2,Y,N,USE
3353,주식발행초과금,대변,전표입력계정,자본,없음,3349,XXXX,1,계정별원장,없음,N,주 식 발 행 초 과 금,1,N,N,USE
3354,자기주식처분이익,대변,전표입력계정,자본,없음,3349,XXXX,1,계정별원장,없음,N,자기 주식  처분 이익,1,N,N,USE
3356,감자차익,대변,전표입력계정,자본,없음,3349,XXXX,1,계정별원장,없음,N,감    자    차    익,1,N,N,USE
3379,자본조정,차변,집계계정(재무제표),자본,없음,3310,,1,계정명세서,없음,N,3) 자    본    조    정,2,Y,N,USE
3383,자기주식,차변,전표입력계정,자본,없음,3379,XXXX,1,계정별원장,없음,N,자   기     주    식,1,N,N,USE
3385,주식할인발행차금,차변,전표입력계정,자본,없음,3379,XXXX,1,계정별원장,없음,N,주식 할인  발행 차금,1,N,N,USE
3387,주식매입선택권,차변,전표입력계정,자본,없음,3379,XXXX,1,계정별원장,없음,N,주 식 매 입 선 택 권,1,N,N,USE
3389,출자전환채무,차변,전표입력계정,자본,없음,3379,XXXX,1,계정별원장,없음,N,출 자  전 환   채 무,1,N,N,USE
3391,감자차손,차변,전표입력계정,자본,없음,3379,XXXX,1,계정별원장,없음,N,감    자    차    손,1,N,N,USE
3419,기타포괄손익누계액,대변,집계계정(재무제표),자본,없음,3310,,1,계정명세서,없음,N,4) 기타포괄손익누계액,2,Y,N,USE
3424,매도가능증권평가손익,차변,전표입력계정,자본,없음,3419,XXXX,1,계정별원장,없음,N,매도가능증권평가손익,1,N,N,USE
3427,해외사업환산손익,차변,전표입력계정,자본,없음,3419,XXXX,1,계정별원장,없음,N,해외 사업 환산 손익,1,N,N,USE
3430,현금흐름위험회피파생상품평가손익,차변,전표입력계정,자본,없음,3419,XXXX,1,계정별원장,없음,N,현금흐름위험회피파생상품평가손익,1,N,N,USE
3511,이익잉여금,대변,집계계정(재무제표),자본,없음,3310,,1,계정명세서,없음,N,5) 이   익   잉  여  금,2,Y,N,USE
3515,법정적립금,대변,집계계정(재무제표),자본,없음,3511,,1,계정명세서,없음,N,법   정   적  립  금,1,N,N,USE
3531,기타법정적립금,대변,전표입력계정,자본,없음,3515,XXXX,1,계정별원장,없음,N,기 타 법 정 적 립 금,1,N,N,USE
3565,임의적립금,대변,집계계정(재무제표),자본,없음,3511,,1,계정명세서,없음,N,임   의   적  립  금,1,N,N,USE
3569,기타임의적립금,대변,전표입력계정,자본,없음,3565,XXXX,1,계정별원장,없음,N,기 타 임 의 적 립 금,1,N,N,USE
3759,미처분이익잉여금,대변,집계계정(재무제표),자본,없음,3511,,1,계정명세서,없음,N,미처분  이익  잉여금,1,N,N,USE
3779,전기이월미처분이익잉여금,대변,전표입력계정,자본,없음,3759,XXXX,1,계정별원장,없음,N,전기이월미처분이익잉여금,1,N,N,USE
3799,당기순이익,대변,전표입력계정,자본,없음,3759,XXXX,1,계정명세서,없음,N,(당  기  순  이  익),1,N,N,USE
4001,손익,대변,자동대체계정(손익),손익,없음,0,,1,,없음,N,,1,N,N,USE
4011,매출,대변,집계계정(재무제표),손익,없음,8011,,1,계정명세서,없음,N,1. 매                 출,2,Y,N,USE
4019,상품매출,대변,전표입력계정,손익,없음,4011,XXXX,1,계정별원장,없음,N,상    품    매    출,1,N,N,USE
4029,상품매출환입및에누리,차변,전표입력계정,손익,없음,4011,XXXX,1,계정별원장,없음,N,상품매출환입및에누리,1,N,N,USE
4039,상품매출할인,차변,전표입력계정,손익,없음,4011,XXXX,1,계정별원장,없음,N,상 품  매  출  할 인,1,N,N,USE
4049,제품매출,대변,전표입력계정,손익,없음,4011,XXXX,1,계정별원장,없음,N,제    품    매    출,1,N,N,USE
4059,제품매출환입및에누리,차변,전표입력계정,손익,없음,4011,XXXX,1,계정별원장,없음,N,제품매출환입및에누리,1,N,N,USE
4069,제품매출할인,차변,전표입력계정,손익,없음,4011,XXXX,1,계정별원장,없음,N,제 품  매  출  할 인,1,N,N,USE
4119,용역매출,대변,전표입력계정,손익,없음,4011,XXXX,1,계정별원장,없음,N,용    역    매    출,1,N,N,USE
4511,매출원가,차변,집계계정(재무제표),손익,없음,8011,,1,계정명세서,없음,N,2. 매    출     원    가,2,Y,N,USE
5018,제품제조,차변,자동대체계정(원가1),원가1,없음,0,,1,,없음,N,제    품    제    조,1,Y,N,USE
5019,재료비,차변,집계계정(재무제표),원가1,없음,5018,,1,계정명세서,없음,N,Ⅰ. 재     료      비,2,Y,N,USE
5038,노무비(제품),차변,집계계정(재무제표),원가1,없음,5018,,1,계정명세서,없음,N,Ⅱ. 노      무      비,2,Y,N,USE
5039,급여(제품),차변,전표입력계정,원가1,없음,5038,XXXX,1,계정별원장,없음,N,급              여,1,N,N,USE
5049,임금(제품),차변,전표입력계정,원가1,없음,5038,XXXX,1,계정별원장,없음,N,임              금,1,N,N,USE
5059,상여금(제품),차변,전표입력계정,원가1,없음,5038,XXXX,1,계정별원장,없음,N,상      여      금,1,N,N,USE
5069,제수당(제품),차변,전표입력계정,원가1,없음,5038,XXXX,1,계정별원장,없음,N,제      수      당,1,N,N,USE
5079,잡급(제품),차변,전표입력계정,원가1,없음,5038,XXXX,1,계정별원장,없음,N,잡              급,1,N,N,USE
5089,퇴직급여충당금전입(제품),차변,전표입력계정,원가1,없음,5038,XXXX,1,계정별원장,없음,N,퇴직급여충당금전입,1,N,N,USE
5098,단체급여충당금전입(제품),차변,전표입력계정,원가1,없음,5038,XXXX,1,계정별원장,없음,N,단체급여충당금전입,1,N,N,USE
5099,퇴직급여(제품),차변,전표입력계정,원가1,없음,5038,XXXX,1,계정별원장,없음,N,퇴   직    급   여,1,N,N,USE
5108,경비(제품),차변,집계계정(재무제표),원가1,없음,5018,,1,계정명세서,없음,N,Ⅲ. 경              비,2,Y,N,USE
5109,복리후생비(제품),차변,전표입력계정,원가1,없음,5108,XXXX,1,계정별원장,없음,N,복  리    후  생  비,1,N,N,USE
5119,여비교통비(제품),차변,전표입력계정,원가1,없음,5108,XXXX,1,계정별원장,없음,N,여  비    교  통  비,1,N,N,USE
5129,접대비(제품),차변,전표입력계정,원가1,없음,5108,XXXX,1,계정별원장,없음,N,접       대       비,1,N,N,USE
5139,통신비(제품),차변,전표입력계정,원가1,없음,5108,XXXX,1,계정별원장,없음,N,통       신       비,1,N,N,USE
5149,경상연구개발비(제품),차변,전표입력계정,원가1,없음,5108,XXXX,1,계정별원장,없음,N,경 상  연 구  개발비,1,N,N,USE
5209,수도광열비(제품),차변,전표입력계정,원가1,없음,5108,XXXX,1,계정별원장,없음,N,수   도   광  열  비,1,N,N,USE
5219,세금과공과금(제품),차변,전표입력계정,원가1,없음,5108,XXXX,1,계정별원장,없음,N,세  금  과  공 과 금,1,N,N,USE
5229,감가상각비(제품),차변,전표입력계정,원가1,없음,5108,XXXX,1,계정별원장,없음,N,감   가   상  각  비,1,N,N,USE
5239,지급임차료(제품),차변,전표입력계정,원가1,없음,5108,XXXX,1,계정별원장,없음,N,지   급   임  차  료,1,N,N,USE
5249,수선비(제품),차변,전표입력계정,원가1,없음,5108,XXXX,1,계정별원장,없음,N,수       선       비,1,N,N,USE
5259,보험료(제품),차변,전표입력계정,원가1,없음,5108,XXXX,1,계정별원장,없음,N,보       험       료,1,N,N,USE
5269,차량유지비(제품),차변,전표입력계정,원가1,없음,5108,XXXX,1,계정별원장,없음,N,차   량   유  지  비,1,N,N,USE
5279,교육훈련비(제품),차변,전표입력계정,원가1,없음,5108,XXXX,1,계정별원장,없음,N,교   육   훈  련  비,1,N,N,USE
5289,도서인쇄비(제품),차변,전표입력계정,원가1,없음,5108,XXXX,1,계정별원장,없음,N,도   서   인  쇄  비,1,N,N,USE
5299,포장비(제품),차변,전표입력계정,원가1,없음,5108,XXXX,1,계정별원장,없음,N,포       장       비,1,N,N,USE
5309,사무용품비(제품),차변,전표입력계정,원가1,없음,5108,XXXX,1,계정별원장,없음,N,사   무   용  품  비,1,N,N,USE
5319,지급수수료(제품),차변,전표입력계정,원가1,없음,5108,XXXX,1,계정별원장,없음,N,지   급   수  수  료,1,N,N,USE
5329,소모품비(제품),차변,전표입력계정,원가1,없음,5108,XXXX,1,계정별원장,없음,N,소    모     품   비,1,N,N,USE
5339,외주용역비(제품),차변,전표입력계정,원가1,없음,5108,XXXX,1,계정별원장,없음,N,외   주   용  역  비,1,N,N,USE
5349,전력비(제품),차변,전표입력계정,원가1,없음,5108,XXXX,1,계정별원장,없음,N,전       력       비,1,N,N,USE
5369,운반비(제품),차변,전표입력계정,원가1,없음,5108,XXXX,1,계정별원장,없음,N,운       반       비,1,N,N,USE
5379,외주가공비(제품),차변,전표입력계정,원가1,없음,5108,XXXX,1,계정별원장,없음,N,외  주  가  공  비,1,N,N,USE
5389,잡비(제품),차변,전표입력계정,원가1,없음,5108,XXXX,1,계정별원장,없음,N,잡                비,1,N,N,USE
6018,용역,차변,자동대체계정(원가2),원가2,없음,0,,1,,없음,N,용                역,1,N,N,USE
6022,재료비,차변,집계계정(재무제표),원가2,없음,6018,,1,계정명세서,없음,N,Ⅰ. 재       료       비,2,Y,N,USE
6038,노무비(용역),차변,집계계정(재무제표),원가2,없음,6018,,1,계정명세서,없음,N,Ⅱ. 노      무      비,2,Y,N,USE
6039,급여(용역),차변,전표입력계정,원가2,없음,6038,XXXX,1,계정별원장,없음,N,급              여,1,N,N,USE
6049,임금(용역),차변,전표입력계정,원가2,없음,6038,XXXX,1,계정별원장,없음,N,임              금,1,N,N,USE
6059,상여금(용역),차변,전표입력계정,원가2,없음,6038,XXXX,1,계정별원장,없음,N,상      여      금,1,N,N,USE
6069,잡급(용역),차변,전표입력계정,원가2,없음,6038,XXXX,1,계정별원장,없음,N,잡              급,1,N,N,USE
6099,퇴직급여(용역),차변,전표입력계정,원가2,없음,6038,XXXX,1,계정별원장,없음,N,퇴   직    급   여,1,N,N,USE
6108,경비(용역),차변,집계계정(재무제표),원가2,없음,6018,,1,계정명세서,없음,N,III. 경              비,2,Y,N,USE
6119,복리후생비(용역),차변,전표입력계정,원가2,없음,6108,XXXX,1,계정별원장,없음,N,복  리  후  생  비,1,N,N,USE
6129,여비교통비(용역),차변,전표입력계정,원가2,없음,6108,XXXX,1,계정별원장,없음,N,여  비  교  통  비,1,N,N,USE
6139,접대비(용역),차변,전표입력계정,원가2,없음,6108,XXXX,1,계정별원장,없음,N,접      대      비,1,N,N,USE
6149,통신비(용역),차변,전표입력계정,원가2,없음,6108,XXXX,1,계정별원장,없음,N,통      신      비,1,N,N,USE
6209,수도광열비(용역),차변,전표입력계정,원가2,없음,6108,XXXX,1,계정별원장,없음,N,수  도  광  열  비,1,N,N,USE
6219,세금과공과금(용역),차변,전표입력계정,원가2,없음,6108,XXXX,1,계정별원장,없음,N,세 금 과  공 과 금,1,N,N,USE
6229,감가상각비(용역),차변,전표입력계정,원가2,없음,6108,XXXX,1,계정별원장,없음,N,감  가  상  각  비,1,N,N,USE
6239,지급임차료(용역),차변,전표입력계정,원가2,없음,6108,XXXX,1,계정별원장,없음,N,지  급  임  차  료,1,N,N,USE
6249,수선비(용역),차변,전표입력계정,원가2,없음,6108,XXXX,1,계정별원장,없음,N,수      선      비,1,N,N,USE
6259,보험료(용역),차변,전표입력계정,원가2,없음,6108,XXXX,1,계정별원장,없음,N,보      험      료,1,N,N,USE
6269,차량유지비(용역),차변,전표입력계정,원가2,없음,6108,XXXX,1,계정별원장,없음,N,차  량  유  지  비,1,N,N,USE
6279,교육훈련비(용역),차변,전표입력계정,원가2,없음,6108,XXXX,1,계정별원장,없음,N,교  육  훈  련  비,1,N,N,USE
6289,도서인쇄비(용역),차변,전표입력계정,원가2,없음,6108,XXXX,1,계정별원장,없음,N,도  서  인  쇄  비,1,N,N,USE
6299,사무용품비(용역),차변,전표입력계정,원가2,없음,6108,XXXX,1,계정별원장,없음,N,사  무  용  품  비,1,N,N,USE
6309,소모품비(용역),차변,전표입력계정,원가2,없음,6108,XXXX,1,계정별원장,없음,N,소   모    품   비,1,N,N,USE
6319,지급수수료(용역),차변,전표입력계정,원가2,없음,6108,XXXX,1,계정별원장,없음,N,지  급  수  수  료,1,N,N,USE
6329,운반비(용역),차변,전표입력계정,원가2,없음,6108,XXXX,1,계정별원장,없음,N,운      반      비,1,N,N,USE
6349,장비사용료(용역),차변,전표입력계정,원가2,없음,6108,XXXX,1,계정별원장,없음,N,장  비  사  용  료,1,N,N,USE
6359,외주용역비(용역),차변,전표입력계정,원가2,없음,6108,XXXX,1,계정별원장,없음,N,외  주  용  역  비,1,N,N,USE
6369,광고선전비(용역),차변,전표입력계정,원가2,없음,6108,XXXX,1,계정별원장,없음,N,광  고  선  전  비,1,N,N,USE
6409,잡비(용역),차변,전표입력계정,원가2,없음,6108,XXXX,1,계정별원장,없음,N,잡              비,1,N,N,USE
7018,기타,차변,자동대체계정(원가3),원가3,없음,0,,1,,없음,N,기    타,1,N,N,USE
7022,재료비,차변,집계계정(재무제표),원가3,없음,7018,,1,계정명세서,없음,N,Ⅰ. 재       료       비,2,Y,N,USE
7038,노무비(기타),차변,집계계정(재무제표),원가3,없음,7018,,1,계정명세서,없음,N,II. 노      무      비,2,Y,N,USE
7108,경비(기타),차변,집계계정(재무제표),원가3,없음,7018,,1,계정명세서,없음,N,III. 경              비,2,Y,N,USE
8011,매출총이익,대변,집계계정(재무제표),손익,없음,9011,,1,계정명세서,없음,N,3. 매  출   총   이   익,2,Y,N,USE
8018,판매비및일반관리비,차변,집계계정(재무제표),손익,없음,9011,,1,계정명세서,없음,N,4. 판매비 및  일반관리비,2,Y,N,USE
8019,임원급여(판),차변,전표입력계정,손익,없음,8018,XXXX,1,계정별원장,없음,N,임    원     급    여,1,N,N,USE
8029,직원급여(판),차변,전표입력계정,손익,없음,8018,XXXX,1,계정별원장,없음,N,직    원     급    여,1,N,N,USE
8039,상여금(판),차변,전표입력계정,손익,없음,8018,XXXX,1,계정별원장,없음,N,상        여       금,1,N,N,USE
8049,제수당(판),차변,전표입력계정,손익,없음,8018,XXXX,1,계정별원장,없음,N,제        수       당,1,N,N,USE
8059,잡급(판),차변,전표입력계정,손익,없음,8018,XXXX,1,계정별원장,없음,N,잡                 급,1,N,N,USE
8089,퇴직급여(판),차변,전표입력계정,손익,없음,8018,XXXX,1,계정별원장,없음,N,퇴    직     급    여,1,N,N,USE
8109,복리후생비(판),차변,전표입력계정,손익,없음,8018,XXXX,1,계정별원장,없음,N,복  리   후   생   비,1,N,N,USE
8119,여비교통비(판),차변,전표입력계정,손익,없음,8018,XXXX,1,계정별원장,없음,N,여  비   교   통   비,1,N,N,USE
8127,접대비(판),차변,집계계정(재무제표),손익,없음,8018,,1,계정명세서,없음,N,접       대        비,1,N,N,USE
8128,접대비-카드(판),차변,전표입력계정,손익,없음,8127,XXXX,1,계정별원장,없음,N,카   드   접   대  비,1,N,N,USE
8129,접대비-일반(판),차변,전표입력계정,손익,없음,8127,XXXX,1,계정별원장,없음,N,접       대        비,1,N,N,USE
8139,통신비(판),차변,전표입력계정,손익,없음,8018,XXXX,1,계정별원장,없음,N,통       신        비,1,N,N,USE
8149,경상연구개발비(판),차변,전표입력계정,손익,없음,8018,XXXX,1,계정별원장,없음,N,경 상 연 구  개 발 비,1,N,N,USE
8159,소모품비(판),차변,전표입력계정,손익,없음,8018,XXXX,1,계정별원장,없음,N,소    모     품    비,1,N,N,USE
8229,세금과공과금(판),차변,전표입력계정,손익,없음,8018,XXXX,1,계정별원장,없음,N,세 금  과  공  과  금,1,N,N,USE
8239,감가상각비(판),차변,전표입력계정,손익,없음,8018,XXXX,1,계정별원장,없음,N,감  가   상   각   비,1,N,N,USE
8249,지급임차료(판),차변,전표입력계정,손익,없음,8018,XXXX,1,계정별원장,없음,N,지  급   임   차   료,1,N,N,USE
8259,수선비(판),차변,전표입력계정,손익,없음,8018,XXXX,1,계정별원장,없음,N,수       선        비,1,N,N,USE
8269,보험료(판),차변,전표입력계정,손익,없음,8018,XXXX,1,계정별원장,없음,N,보       험        료,1,N,N,USE
8279,차량유지비(판),차변,전표입력계정,손익,없음,8018,XXXX,1,계정별원장,없음,N,차  량   유   지   비,1,N,N,USE
8289,교육훈련비(판),차변,전표입력계정,손익,없음,8018,XXXX,1,계정별원장,없음,N,교  육   훈   련   비,1,N,N,USE
8299,사무용품비(판),차변,전표입력계정,손익,없음,8018,XXXX,1,계정별원장,없음,N,사  무   용   품   비,1,N,N,USE
8309,수도광열비(판),차변,전표입력계정,손익,없음,8018,XXXX,1,계정별원장,없음,N,수  도   광   열   비,1,N,N,USE
8319,지급수수료(판),차변,전표입력계정,손익,없음,8018,XXXX,1,계정별원장,없음,N,지  급   수   수   료,1,N,N,USE
8329,도서인쇄비(판),차변,전표입력계정,손익,없음,8018,XXXX,1,계정별원장,없음,N,도  서   인   쇄   비,1,N,N,USE
8338,광고선전비(판),차변,전표입력계정,손익,없음,8018,XXXX,1,계정별원장,없음,N,광  고   선   전   비,1,N,N,USE
8339,외주용역비(판),차변,전표입력계정,손익,없음,8018,XXXX,1,계정별원장,없음,N,외  주   용   역   비,1,N,N,USE
8349,판매촉진비(판),차변,전표입력계정,손익,없음,8018,XXXX,1,계정별원장,없음,N,판  매   촉   진   비,1,N,N,USE
8359,대손상각비(판),차변,전표입력계정,손익,없음,8018,XXXX,1,계정별원장,없음,N,대  손   상   각   비,1,N,N,USE
8369,건물관리비(판),차변,전표입력계정,손익,없음,8018,XXXX,1,계정별원장,없음,N,건  물   관   리   비,1,N,N,USE
8379,운반비(판),차변,전표입력계정,손익,없음,8018,XXXX,1,계정별원장,없음,N,운       반        비,1,N,N,USE
8389,수출제비용(판),차변,전표입력계정,손익,없음,8018,XXXX,1,계정별원장,없음,N,수  출   제   비   용,1,N,N,USE
8399,판매수수료(판),차변,전표입력계정,손익,없음,8018,XXXX,1,계정별원장,없음,N,판  매   수   수   료,1,N,N,USE
8409,무형자산상각(판),차변,전표입력계정,손익,없음,8018,XXXX,1,계정별원장,없음,N,무형 고정 자산  상 각,1,N,N,USE
8429,견본비(판),차변,전표입력계정,손익,없음,8018,XXXX,1,계정별원장,없음,N,견       본        비,1,N,N,USE
8489,잡비(판),차변,전표입력계정,손익,없음,8018,XXXX,1,계정별원장,없음,N,잡                 비,1,N,N,USE
9011,영업이익,대변,집계계정(재무제표),손익,없음,9611,,1,계정명세서,없음,N,5. 영    업     손    익,2,Y,N,USE
9018,영업외수익,대변,집계계정(재무제표),손익,없음,9611,,1,계정명세서,없음,N,6. 영  업   외   수   익,2,Y,N,USE
9019,이자수익,대변,전표입력계정,손익,없음,9018,XXXX,1,계정별원장,없음,N,이    자     수    익,1,N,N,USE
9029,유가증권이자,대변,전표입력계정,손익,없음,9018,XXXX,1,계정별원장,없음,N,유  가  증  권  이 자,1,N,N,USE
9039,배당금수익,대변,전표입력계정,손익,없음,9018,XXXX,1,계정별원장,없음,N,배   당   금   수  익,1,N,N,USE
9049,수입임대료,대변,전표입력계정,손익,없음,9018,XXXX,1,계정별원장,없음,N,수  입   임   대   료,1,N,N,USE
9059,전기오류수정이익,대변,전표입력계정,손익,없음,9018,XXXX,1,계정별원장,없음,N,전 기 오 류 수 정 이 익,1,N,N,USE
9069,유가증권처분이익,대변,전표입력계정,손익,없음,9018,XXXX,1,계정별원장,없음,N,유 가 증 권 처분 이익,1,N,N,USE
9072,유가증권평가이익,대변,전표입력계정,손익,없음,9018,XXXX,1,계정별원장,없음,N,유 가 증 권 평가 이익,1,N,N,USE
9079,외환차익,대변,전표입력계정,손익,없음,9018,XXXX,1,계정별원장,없음,N,외    환     차    익,1,N,N,USE
9089,외화환산이익,대변,전표입력계정,손익,없음,9018,XXXX,1,계정별원장,없음,N,외  화  환  산  이 익,1,N,N,USE
9095,지분법평가이익,대변,전표입력계정,손익,없음,9018,XXXX,1,계정별원장,없음,N,지 분 법 평 가  이 익,1,N,N,USE
9099,수입수수료,대변,전표입력계정,손익,없음,9018,XXXX,1,계정별원장,없음,N,수  입   수   수   료,1,N,N,USE
9109,대손충당금환입,대변,전표입력계정,손익,없음,9018,XXXX,1,계정별원장,없음,N,대 손  충 당 금 환 입,1,N,N,USE
9149,유형자산처분이익,대변,전표입력계정,손익,없음,9018,XXXX,1,계정별원장,없음,N,유형 자산 처분  이 익,1,N,N,USE
9155,투자유가증권감액손실환입,대변,전표입력계정,손익,없음,9018,XXXX,1,계정별원장,없음,N,투자유가증권감액손실환입,1,N,N,USE
9159,투자자산처분이익,대변,전표입력계정,손익,없음,9018,XXXX,1,계정별원장,없음,N,투자 자산 처분  이 익,1,N,N,USE
9169,상각채권추심이익,대변,전표입력계정,손익,없음,9018,XXXX,1,계정별원장,없음,N,상각 채권 추심  이 익,1,N,N,USE
9179,사채상환이익,대변,전표입력계정,손익,없음,9018,XXXX,1,계정별원장,없음,N,사 채  상  환  이  익,1,N,N,USE
9189,법인세환급액,대변,전표입력계정,손익,없음,9018,XXXX,1,계정별원장,없음,N,법 인  세  환  급  액,1,N,N,USE
9199,잡이익,대변,전표입력계정,손익,없음,9018,XXXX,1,계정별원장,없음,N,잡       이        익,1,N,N,USE
9209,자산수증이익,대변,전표입력계정,손익,없음,9018,XXXX,1,계정별원장,없음,N,자 산  수 증   이  익,1,N,N,USE
9219,채무면제이익,대변,전표입력계정,손익,없음,9018,XXXX,1,계정별원장,없음,N,채 무  면 제   이  익,1,N,N,USE
9229,보험차익,대변,전표입력계정,손익,없음,9018,XXXX,1,계정별원장,없음,N,보    험     차    익,1,N,N,USE
9239,중소투자준비금환입,대변,전표입력계정,손익,없음,9018,XXXX,1,계정별원장,없음,N,중소 투자 준비금 환입,1,N,N,USE
9249,기술개발준비금환입,대변,전표입력계정,손익,없음,9018,XXXX,1,계정별원장,없음,N,기술 개발 준비금 환입,1,N,N,USE
9259,해외개척준비금환입,대변,전표입력계정,손익,없음,9018,XXXX,1,계정별원장,없음,N,해외 개척 준비금 환입,1,N,N,USE
9269,지방이전준비금환입,대변,전표입력계정,손익,없음,9018,XXXX,1,계정별원장,없음,N,지방 이전 준비금 환입,1,N,N,USE
9279,수출손실준비금환입,대변,전표입력계정,손익,없음,9018,XXXX,1,계정별원장,없음,N,수출 손실 준비금 환입,1,N,N,USE
9289,국고보조금,대변,전표입력계정,손익,없음,9018,XXXX,1,계정별원장,없음,N,국   고  보   조   금,1,N,N,USE
9318,영업외비용,차변,집계계정(재무제표),손익,없음,9611,,1,계정명세서,없음,N,7. 영   업   외   비  용,2,Y,N,USE
9319,이자비용,차변,전표입력계정,손익,없음,9318,XXXX,1,계정별원장,없음,N,이    자     비    용,1,N,N,USE
9329,외환차손,차변,전표입력계정,손익,없음,9318,XXXX,1,계정별원장,없음,N,외    환     차    손,1,N,N,USE
9339,외화환산손실,차변,전표입력계정,손익,없음,9318,XXXX,1,계정별원장,없음,N,외  화  환  산  손 실,1,N,N,USE
9349,기타의대손상각비,차변,전표입력계정,손익,없음,9318,XXXX,1,계정별원장,없음,N,기 타 의  대손 상각비,1,N,N,USE
9359,전기오류수정손실,차변,전표입력계정,손익,없음,9318,XXXX,1,계정별원장,없음,N,전 기 오 류 수 정 손 실,1,N,N,USE
9369,기부금,차변,전표입력계정,손익,없음,9318,XXXX,1,계정별원장,없음,N,기        부       금,1,N,N,USE
9379,지분법평가손실,차변,전표입력계정,손익,없음,9318,XXXX,1,계정별원장,없음,N,지 분 법  평 가 손 실,1,N,N,USE
9389,유가증권처분손실,차변,전표입력계정,손익,없음,9318,XXXX,1,계정별원장,없음,N,유가 증권 처 분 손 실,1,N,N,USE
9395,유가증권평가손실,차변,전표입력계정,손익,없음,9318,XXXX,1,계정별원장,없음,N,유가 증권 평 가 손 실,1,N,N,USE
9399,재고자산감모손실,차변,전표입력계정,손익,없음,9318,XXXX,1,계정별원장,없음,N,재고 자산 감 모 손 실,1,N,N,USE
9409,재고자산평가손실,차변,전표입력계정,손익,없음,9318,XXXX,1,계정별원장,없음,N,재고 자산 평 가 손 실,1,N,N,USE
9499,보상비,차변,전표입력계정,손익,없음,9318,XXXX,1,계정별원장,없음,N,보       상        비,1,N,N,USE
9509,유형자산처분손실,차변,전표입력계정,손익,없음,9318,XXXX,1,계정별원장,없음,N,유형 자산 처 분 손 실,1,N,N,USE
9519,투자자산처분손실,차변,전표입력계정,손익,없음,9318,XXXX,1,계정별원장,없음,N,투자 자산 처 분 손 실,1,N,N,USE
9529,사채상환손실,차변,전표입력계정,손익,없음,9318,XXXX,1,계정별원장,없음,N,사 채  상  환  손  실,1,N,N,USE
9539,법인세추납액,차변,전표입력계정,손익,없음,9318,XXXX,1,계정별원장,없음,N,법 인  세  추  납  액,1,N,N,USE
9549,잡손실,차변,전표입력계정,손익,없음,9318,XXXX,1,계정별원장,없음,N,잡       손        실,1,N,N,USE
9559,재해손실,차변,전표입력계정,손익,없음,9318,XXXX,1,계정별원장,없음,N,재    해    손    실,1,N,N,USE
9569,중소투자준비금전입,차변,전표입력계정,손익,없음,9318,XXXX,1,계정별원장,없음,N,중소투자 준비금 전입,1,N,N,USE
9579,기술개발준비금전입,차변,전표입력계정,손익,없음,9318,XXXX,1,계정별원장,없음,N,기술개발 준비금 전입,1,N,N,USE
9589,해외개척준비금전입,차변,전표입력계정,손익,없음,9318,XXXX,1,계정별원장,없음,N,해외개척 준비금 전입,1,N,N,USE
9599,지방이전준비금전입,차변,전표입력계정,손익,없음,9318,XXXX,1,계정별원장,없음,N,지방이전 준비금 전입,1,N,N,USE
9603,수출손실준비금전입,차변,전표입력계정,손익,없음,9318,XXXX,1,계정별원장,없음,N,수출손실 준비금 전입,1,N,N,USE
9606,특별상각,차변,전표입력계정,손익,없음,9318,XXXX,1,계정별원장,없음,N,특    별    상    각,1,N,N,USE
9611,법인세비용차감전순손익,대변,집계계정(재무제표),손익,없음,9999,,1,계정명세서,없음,N,8. 법인세비용차감전순손익,2,Y,N,USE
9717,법인세비용,차변,집계계정(재무제표),손익,없음,9999,,1,계정명세서,없음,N,9. 법인세비용,2,Y,N,USE
9719,법인세등,차변,전표입력계정,손익,없음,9717,XXXX,1,계정별원장,없음,N,법    인    세    등,1,N,N,USE
9999,당기순이익,대변,집계계정(재무제표),손익,없음,4001,,1,계정명세서,없음,N,12. 당   기   순  이  익,2,Y,N,USE
